title,company,location,link
[카카오커머스] 기술직군,카카오커머스,성남 분당구,https://kr.indeed.com/%EC%B1%84%EC%9A%A9%EB%B3%B4%EA%B8%B0?jk=2b9e604e63e7e46d&from=serp&vjs=3
[TmaxTibero/R&D] 데이터 분석 플랫폼 프론트 개발자,티맥스소프트,성남 분당구,https://kr.indeed.com/%EC%B1%84%EC%9A%A9%EB%B3%B4%EA%B8%B0?jk=eb81f42581e62f15&from=serp&vjs=3
[TmaxAI/R&D] AI & FinTech 부문 프론트엔드 개발자,티맥스소프트,성남 분당구,https://kr.indeed.com/%EC%B1%84%EC%9A%A9%EB%B3%B4%EA%B8%B0?jk=43835708050a81c8&from=serp&vjs=3
웹개발 부문 플랫폼개발자 채용,한화그룹,서울,https://kr.indeed.com/%EC%B1%84%EC%9A%A9%EB%B3%B4%EA%B8%B0?jk=f8d53337e7cfbafc&from=serp&vjs=3
홈인CO 경력사원,LG유플러스,서울,https://kr.indeed.com/%EC%B1%84%EC%9A%A9%EB%B3%B4%EA%B8%B0?jk=09ba1e4db455f05e&from=serp&vjs=3
"MCS2본부 -연결 회계, 관리회계, 그룹 경영관리, 마이크로소프트 및 IT컨설턴트 채용",삼정 KPMG,서울 강남구,https://kr.indeed.com/%EC%B1%84%EC%9A%A9%EB%B3%B4%EA%B8%B0?jk=82ce761572e73bd2&from=serp&vjs=3
"ITS(지능형교통체계) 사업관련, 웹 개발자",라온로드,성남 분당구,https://kr.indeed.com/%EC%B1%84%EC%9A%A9%EB%B3%B4%EA%B8%B0?jk=774d219707b2b066&from=serp&vjs=3
프론트엔드 개발자 국내최대 모바일 플랫폼 대기업 계열사,,서울 잠실역,https://kr.indeed.com/%EC%B1%84%EC%9A%A9%EB%B3%B4%EA%B8%B0?jk=6dcb5f6bf1ffa323&from=serp&vjs=3
회원/빌링 시스템 개발,NHN,성남 판교역,https://kr.indeed.com/%EC%B1%84%EC%9A%A9%EB%B3%B4%EA%B8%B0?jk=4a75b1cae9938d8d&from=serp&vjs=3
(주)노랑풍선 전사 IT부문(개발자 외) 경력직,노랑풍선,서울 중구,https://kr.indeed.com/%EC%B1%84%EC%9A%A9%EB%B3%B4%EA%B8%B0?jk=4ff3c94ec9f6cd4e&from=serp&vjs=3
프론트엔드 웹 개발자,펄핏,서울 강남구,https://kr.indeed.com/%EC%B1%84%EC%9A%A9%EB%B3%B4%EA%B8%B0?jk=9ba2af0dadae83c3&from=serp&vjs=3
Jr. Front-end Engineer (Javascript),Soomgo,서울 강남구,https://kr.indeed.com/%EC%B1%84%EC%9A%A9%EB%B3%B4%EA%B8%B0?jk=abc1f09acd1f187f&from=serp&vjs=3
프론트엔드개발자,엠서클,서울 삼성동,https://kr.indeed.com/%EC%B1%84%EC%9A%A9%EB%B3%B4%EA%B8%B0?jk=5dd6fdaf61e11692&from=serp&vjs=3
서울 강남구 인썸니아 시니어 개발자 및 퍼블리셔,인썸니아,서울 서초구,https://kr.indeed.com/%EC%B1%84%EC%9A%A9%EB%B3%B4%EA%B8%B0?jk=6c1d50662fa2d7f7&from=serp&vjs=3
RNA Systems 웹개발자 인턴,RNAGroup,서울 종로구,https://kr.indeed.com/%EC%B1%84%EC%9A%A9%EB%B3%B4%EA%B8%B0?jk=853347a2d26d4d03&from=serp&vjs=3
개발 총괄 PM,비플러스랩,대한민국,https://kr.indeed.com/%EC%B1%84%EC%9A%A9%EB%B3%B4%EA%B8%B0?jk=9c63fea8a3b83a00&from=serp&vjs=3
e-스포츠 서비스개발 및 운영,아프리카TV,경기도 성남,https://kr.indeed.com/%EC%B1%84%EC%9A%A9%EB%B3%B4%EA%B8%B0?jk=c308cc7324784382&from=serp&vjs=3
신사업 경력직 채용[수소],현대글로비스,서울 역삼동,https://kr.indeed.com/%EC%B1%84%EC%9A%A9%EB%B3%B4%EA%B8%B0?jk=a320f1de4b2555d4&from=serp&vjs=3
프론트엔드웹퍼블리셔,엠서클,서울 삼성동,https://kr.indeed.com/%EC%B1%84%EC%9A%A9%EB%B3%B4%EA%B8%B0?jk=fe8e7eb4cc5b4bf5&from=serp&vjs=3
Backend 개발자,플리토,서울 강남구,https://kr.indeed.com/%EC%B1%84%EC%9A%A9%EB%B3%B4%EA%B8%B0?jk=b85695efc1313751&from=serp&vjs=3
Frontend 개발자,플리토,서울 강남구,https://kr.indeed.com/%EC%B1%84%EC%9A%A9%EB%B3%B4%EA%B8%B0?jk=cb85566aedd4d1cf&from=serp&vjs=3
[SNOW] Server 백엔드 개발자,네이버,서울,https://kr.indeed.com/%EC%B1%84%EC%9A%A9%EB%B3%B4%EA%B8%B0?jk=28a163cee46d9d61&from=serp&vjs=3
Platform 개발 경력사원 채용,한화그룹,서울,https://kr.indeed.com/%EC%B1%84%EC%9A%A9%EB%B3%B4%EA%B8%B0?jk=f14bb208677462f4&from=serp&vjs=3
백엔드 개발자,뉴트리션코트,서울 강남구,https://kr.indeed.com/%EC%B1%84%EC%9A%A9%EB%B3%B4%EA%B8%B0?jk=d621cbb75440764e&from=serp&vjs=3
Application Developer- Openshift,IBM,서울,https://kr.indeed.com/%EC%B1%84%EC%9A%A9%EB%B3%B4%EA%B8%B0?jk=5fe3616ee3f6a266&from=serp&vjs=3
[인공지능기업] 머신러닝 병역특례 전문연구요원,머니브레인,서울,https://kr.indeed.com/%EC%B1%84%EC%9A%A9%EB%B3%B4%EA%B8%B0?jk=28cb699ec609130e&from=serp&vjs=3
데이터 분석플랫폼 웹개발자 모집,카카오,성남 판교역,https://kr.indeed.com/%EC%B1%84%EC%9A%A9%EB%B3%B4%EA%B8%B0?jk=fc4db69911802ead&from=serp&vjs=3
프론트엔드 엔지니어 (웹 퍼블리셔),주식회사 세이브앤코 관심기업,서울 신사동,https://kr.indeed.com/%EC%B1%84%EC%9A%A9%EB%B3%B4%EA%B8%B0?jk=fe4a032d6ed06615&from=serp&vjs=3
클라이언트 개발자 FrontEnd Developer,에스제이에이치스튜디오,서울 역삼동,https://kr.indeed.com/%EC%B1%84%EC%9A%A9%EB%B3%B4%EA%B8%B0?jk=4889d2814b462d35&from=serp&vjs=3
웹 프론트 엔드 개발자,셀메이트,서울 마포구,https://kr.indeed.com/%EC%B1%84%EC%9A%A9%EB%B3%B4%EA%B8%B0?jk=928292bc66c61d8f&from=serp&vjs=3
FinTech 서비스 플랫폼 개발 통해 세상 변화시킬 개발자분 만나고 싶습니다,핀투비,서울 여의도,https://kr.indeed.com/%EC%B1%84%EC%9A%A9%EB%B3%B4%EA%B8%B0?jk=b01342d6d3c2a24a&from=serp&vjs=3
[에스테이트] 웹개발 부문 플랫폼개발자 채용,한화호텔리조트,서울 여의도,https://kr.indeed.com/%EC%B1%84%EC%9A%A9%EB%B3%B4%EA%B8%B0?jk=ba53d0fba608acab&from=serp&vjs=3
Front-end Software Engineer - Korea,MOLOCO,서울 강남구,https://kr.indeed.com/%EC%B1%84%EC%9A%A9%EB%B3%B4%EA%B8%B0?jk=a8fd53d000c5ffcc&from=serp&vjs=3
유펜솔루션 프론트엔드 개발자,유펜솔루션,서울 성동구,https://kr.indeed.com/%EC%B1%84%EC%9A%A9%EB%B3%B4%EA%B8%B0?jk=02e349111cc87add&from=serp&vjs=3
AI Solution (웹 Client 개발) 개발자,디텍,성남 분당구,https://kr.indeed.com/%EC%B1%84%EC%9A%A9%EB%B3%B4%EA%B8%B0?jk=58d809f9e66ee6e8&from=serp&vjs=3
주니어 웹 프론트엔드 개발자,키튼플래닛(주) 관심기업,용인 동천동,https://kr.indeed.com/%EC%B1%84%EC%9A%A9%EB%B3%B4%EA%B8%B0?jk=eb79bb3959ab0cc8&from=serp&vjs=3
SW 개발자 (백엔드 서버 개발 / 프론트엔드 클라이언트 개발 / 펌웨어 개발),메져에이드,서울 구로동,https://kr.indeed.com/%EC%B1%84%EC%9A%A9%EB%B3%B4%EA%B8%B0?jk=83a03f1d655371f9&from=serp&vjs=3
플랫폼서비스 웹서비스 개발,아프리카TV,경기도 성남,https://kr.indeed.com/%EC%B1%84%EC%9A%A9%EB%B3%B4%EA%B8%B0?jk=feb5b5e9e1e2bfe0&from=serp&vjs=3
[웹젠] 프론트엔드 개발(경력),웹젠,성남 분당구,https://kr.indeed.com/%EC%B1%84%EC%9A%A9%EB%B3%B4%EA%B8%B0?jk=1c8abb279192dc03&from=serp&vjs=3
서비스 개발,NHN PAYCO,성남 판교역,https://kr.indeed.com/%EC%B1%84%EC%9A%A9%EB%B3%B4%EA%B8%B0?jk=adc31a3be50d31fb&from=serp&vjs=3
Customer Support Technician,Infobip,서울,https://kr.indeed.com/%EC%B1%84%EC%9A%A9%EB%B3%B4%EA%B8%B0?jk=b4d04185c4145671&from=serp&vjs=3
웹퍼블리셔,이원정보기술,서울 강서구,https://kr.indeed.com/%EC%B1%84%EC%9A%A9%EB%B3%B4%EA%B8%B0?jk=ac1ad729ec51a1b1&from=serp&vjs=3
[AIMMO] Frontend Software Engineer 경력직,에이모,성남 분당구,https://kr.indeed.com/%EC%B1%84%EC%9A%A9%EB%B3%B4%EA%B8%B0?jk=3739334e11043c67&from=serp&vjs=3
쓰담 Server Developer,노마드스타,서울 서초구,https://kr.indeed.com/%EC%B1%84%EC%9A%A9%EB%B3%B4%EA%B8%B0?jk=21f32b8f1827025d&from=serp&vjs=3
Account Executive,Infobip,서울,https://kr.indeed.com/%EC%B1%84%EC%9A%A9%EB%B3%B4%EA%B8%B0?jk=47e59c2ffe0cba33&from=serp&vjs=3
"AI분야 코스닥상장사 웹 프론트엔드, 안드로이드개발, iOS개발 경력 정규직",서치넷,성남 분당구,https://kr.indeed.com/%EC%B1%84%EC%9A%A9%EB%B3%B4%EA%B8%B0?jk=ea477b169368481c&from=serp&vjs=3
개발부문 경력직 채용,한솔인티큐브,서울 상암동,https://kr.indeed.com/%EC%B1%84%EC%9A%A9%EB%B3%B4%EA%B8%B0?jk=861c63957dea8ffb&from=serp&vjs=3
Platform 개발 경력사원,한화시스템,서울 영등포구,https://kr.indeed.com/%EC%B1%84%EC%9A%A9%EB%B3%B4%EA%B8%B0?jk=b2b8223c47f50c1c&from=serp&vjs=3
[엔씨엘] JAVA 웹개발 정규직 - 경력,엔씨엘,서울 종로구,https://kr.indeed.com/%EC%B1%84%EC%9A%A9%EB%B3%B4%EA%B8%B0?jk=0fe6f0ade3358fab&from=serp&vjs=3
올리브 핀테크 함께 일하실 CTO,올리브핀테크,서울 서초구,https://kr.indeed.com/%EC%B1%84%EC%9A%A9%EB%B3%B4%EA%B8%B0?jk=89f3b0bb67aad471&from=serp&vjs=3
[SNOW] Server 백엔드 개발자,스노우,성남 분당구,https://kr.indeed.com/%EC%B1%84%EC%9A%A9%EB%B3%B4%EA%B8%B0?jk=12a39b4a0e2f38d9&from=serp&vjs=3
Software Architect - HSV,Cadence Design Systems,경기도,https://kr.indeed.com/%EC%B1%84%EC%9A%A9%EB%B3%B4%EA%B8%B0?jk=03231b8a316c3238&from=serp&vjs=3
"MVP 개발 엔지니어(서버, 웹프론트) (정규직, 계약직, 프리랜서)",더테스터,대전 중구,https://kr.indeed.com/%EC%B1%84%EC%9A%A9%EB%B3%B4%EA%B8%B0?jk=1748baa27965fdbf&from=serp&vjs=3
[인공지능기업] 병역특례 산업기능요원 (SW개발자),머니브레인,서울,https://kr.indeed.com/%EC%B1%84%EC%9A%A9%EB%B3%B4%EA%B8%B0?jk=d3a6ba916d772b85&from=serp&vjs=3
솔루션개발 수시 채용,한미헬스케어,서울 방이동,https://kr.indeed.com/%EC%B1%84%EC%9A%A9%EB%B3%B4%EA%B8%B0?jk=a170a94d090ac627&from=serp&vjs=3
금융IT(UI/UX개발) 인재,에셋플러스자산운용,대한민국,https://kr.indeed.com/%EC%B1%84%EC%9A%A9%EB%B3%B4%EA%B8%B0?jk=04751aa927de1b32&from=serp&vjs=3
웹 개발 직원 충원,라온로드,성남 분당구,https://kr.indeed.com/%EC%B1%84%EC%9A%A9%EB%B3%B4%EA%B8%B0?jk=ad895f147de342f4&from=serp&vjs=3
FrontEnd Developer(프론트앤드) 클라이언트 개발자 경력,에스제이에이치스튜디오,서울 역삼동,https://kr.indeed.com/%EC%B1%84%EC%9A%A9%EB%B3%B4%EA%B8%B0?jk=89a05c7c844b1526&from=serp&vjs=3
[비즈인프라FE파트/FE플랫폼팀] 비즈니스 서비스 프론트엔드 개발자 모집,카카오,성남 판교역,https://kr.indeed.com/%EC%B1%84%EC%9A%A9%EB%B3%B4%EA%B8%B0?jk=5fc79dddefd44910&from=serp&vjs=3
웹 서비스 개발자 / 기획자,에프엠커뮤니케이션즈,서울,https://kr.indeed.com/%EC%B1%84%EC%9A%A9%EB%B3%B4%EA%B8%B0?jk=065cac3711e13575&from=serp&vjs=3
백 오피스 개발 국내 모빌리티 서비스 기업,,대한민국,https://kr.indeed.com/%EC%B1%84%EC%9A%A9%EB%B3%B4%EA%B8%B0?jk=5490c7e150f0c409&from=serp&vjs=3
Sr. Front-end Engineer (Javascript),Soomgo,서울 강남구,https://kr.indeed.com/%EC%B1%84%EC%9A%A9%EB%B3%B4%EA%B8%B0?jk=bade80833bbd0926&from=serp&vjs=3
웹 개발(경력),대구텍,대구 가창면,https://kr.indeed.com/%EC%B1%84%EC%9A%A9%EB%B3%B4%EA%B8%B0?jk=cb84b246924844c9&from=serp&vjs=3
[마이다스인] 프론트엔드 개발자 채용,마이다스아이티,성남 삼평동,https://kr.indeed.com/%EC%B1%84%EC%9A%A9%EB%B3%B4%EA%B8%B0?jk=edb182ba35476253&from=serp&vjs=3
온라인 코딩교육 스타트업 Web Full Stack 개발자 3년이상,그레이프 파트너즈,서울 종로구,https://kr.indeed.com/%EC%B1%84%EC%9A%A9%EB%B3%B4%EA%B8%B0?jk=82b2ff1b7f1200cc&from=serp&vjs=3
광고플랫폼개발 신입사원 채용,11번가,서울 남대문로5가,https://kr.indeed.com/%EC%B1%84%EC%9A%A9%EB%B3%B4%EA%B8%B0?jk=902f2f5efc89e318&from=serp&vjs=3
데이터플랫폼 개발자 모집,넷마블,서울 구로구,https://kr.indeed.com/%EC%B1%84%EC%9A%A9%EB%B3%B4%EA%B8%B0?jk=274bab0c5c8dd68e&from=serp&vjs=3
신사업 경력직 채용[퀵커머스],현대글로비스,서울 역삼동,https://kr.indeed.com/%EC%B1%84%EC%9A%A9%EB%B3%B4%EA%B8%B0?jk=d0c00b9476988db5&from=serp&vjs=3
신사업 경력직 채용[모빌리티 플랫폼],현대글로비스,서울 역삼동,https://kr.indeed.com/%EC%B1%84%EC%9A%A9%EB%B3%B4%EA%B8%B0?jk=c57a510a12178ae5&from=serp&vjs=3
신사업 경력직 채용[EV배터리사업],현대글로비스,서울 역삼동,https://kr.indeed.com/%EC%B1%84%EC%9A%A9%EB%B3%B4%EA%B8%B0?jk=3a2fc42f2b806e17&from=serp&vjs=3
신사업 경력직 채용[IT 플랫폼],현대글로비스,서울 역삼동,https://kr.indeed.com/%EC%B1%84%EC%9A%A9%EB%B3%B4%EA%B8%B0?jk=bb277e354c37a6bb&from=serp&vjs=3
'22년 상반기 경력사원 채용(SMT/반도체후공정 장비 영업/서비스/개발품질),한화그룹,서울,https://kr.indeed.com/%EC%B1%84%EC%9A%A9%EB%B3%B4%EA%B8%B0?jk=0f1026d262113001&from=serp&vjs=3
Machine Learning Platform Service Front-end Engineer,LINE Plus corporation,대한민국,https://kr.indeed.com/%EC%B1%84%EC%9A%A9%EB%B3%B4%EA%B8%B0?jk=cecdbf6e9f222a10&from=serp&vjs=3
신사업 경력직 채용[스마트 물류솔루션],현대글로비스,서울 역삼동,https://kr.indeed.com/%EC%B1%84%EC%9A%A9%EB%B3%B4%EA%B8%B0?jk=10a737d9b0171d87&from=serp&vjs=3
다음 첫화면 유저웹서비스 개발자 모집,카카오,성남 판교역,https://kr.indeed.com/%EC%B1%84%EC%9A%A9%EB%B3%B4%EA%B8%B0?jk=4bc8772a2de19836&from=serp&vjs=3
오픈소스 관리 서비스(Olive Platform) 개발자 모집,카카오,성남 판교역,https://kr.indeed.com/%EC%B1%84%EC%9A%A9%EB%B3%B4%EA%B8%B0?jk=6118ad0bda554908&from=serp&vjs=3
Korea - Site Reliability Engineering Lead,Nike,서울,https://kr.indeed.com/%EC%B1%84%EC%9A%A9%EB%B3%B4%EA%B8%B0?jk=3ee36bdc09e03808&from=serp&vjs=3
광고플랫폼 Backend개발,Success Korea,서울 삼성동,https://kr.indeed.com/%EC%B1%84%EC%9A%A9%EB%B3%B4%EA%B8%B0?jk=f128abb0fbc3d895&from=serp&vjs=3
"R&D Engineer, Sr II (Front-end Web Developer)",Synopsys,서울,https://kr.indeed.com/%EC%B1%84%EC%9A%A9%EB%B3%B4%EA%B8%B0?jk=5b0aec06b4c82cac&from=serp&vjs=3
Back-office 개발,Success Korea,서울,https://kr.indeed.com/%EC%B1%84%EC%9A%A9%EB%B3%B4%EA%B8%B0?jk=c07fa8e5bd7f5ba8&from=serp&vjs=3
신사업 경력직 채용[자율주행 로봇 배송],현대글로비스,서울 역삼동,https://kr.indeed.com/%EC%B1%84%EC%9A%A9%EB%B3%B4%EA%B8%B0?jk=2a68eee0ea665bf5&from=serp&vjs=3
[ICT] 설비관리시템 운영 경력사원 채용,한화시스템,구미 공단동,https://kr.indeed.com/%EC%B1%84%EC%9A%A9%EB%B3%B4%EA%B8%B0?jk=15487bebc1924d0a&from=serp&vjs=3
Cloud Platform Service Front-end Engineer,LINE Plus corporation,대한민국,https://kr.indeed.com/%EC%B1%84%EC%9A%A9%EB%B3%B4%EA%B8%B0?jk=cd5689f365ca9d28&from=serp&vjs=3
마이데이터 Fintech 개발 직군 모집,11번가,서울 남대문로5가,https://kr.indeed.com/%EC%B1%84%EC%9A%A9%EB%B3%B4%EA%B8%B0?jk=c2ec4655467f5f71&from=serp&vjs=3
Full Stack Typescript 개발자,랩투마켓,서울 마포구,https://kr.indeed.com/%EC%B1%84%EC%9A%A9%EB%B3%B4%EA%B8%B0?jk=d663af5e77635346&from=serp&vjs=3
Web Programmer,DFRC Group,대한민국,https://kr.indeed.com/%EC%B1%84%EC%9A%A9%EB%B3%B4%EA%B8%B0?jk=5d777a1ad08a99b2&from=serp&vjs=3
[비즈인프라FE파트/FE플랫폼팀] 지도 서비스 프론트엔드 개발자 모집,카카오,성남 판교역,https://kr.indeed.com/%EC%B1%84%EC%9A%A9%EB%B3%B4%EA%B8%B0?jk=ed50339309df9476&from=serp&vjs=3
웹 개발 담당,에이치알 코리아,대한민국,https://kr.indeed.com/%EC%B1%84%EC%9A%A9%EB%B3%B4%EA%B8%B0?jk=20e216fffb391249&from=serp&vjs=3
AI Solution (Application SW 및 웹 Client) 개발자,디텍씨큐리티,성남 분당구,https://kr.indeed.com/%EC%B1%84%EC%9A%A9%EB%B3%B4%EA%B8%B0?jk=a165da740f809bfc&from=serp&vjs=3
오픈소스전문기업에서 프론트엔드 개발자를 찾습니다,에이치알 코리아,서울,https://kr.indeed.com/%EC%B1%84%EC%9A%A9%EB%B3%B4%EA%B8%B0?jk=294acb130d019739&from=serp&vjs=3
[ICT] Platform개발팀 경력사원 채용,한화시스템,구미 공단동,https://kr.indeed.com/%EC%B1%84%EC%9A%A9%EB%B3%B4%EA%B8%B0?jk=b187aa38bbf60c3e&from=serp&vjs=3
[마인드웨어웍스]업무용 Application 개발/System Engineer,마인드웨어웍스,서울 성산동,https://kr.indeed.com/%EC%B1%84%EC%9A%A9%EB%B3%B4%EA%B8%B0?jk=957dd224844c9d80&from=serp&vjs=3
[오픈소스 및 클라우드 전문기업] 아틀라시안 플러그인 개발자 채용,에이치알 코리아,서울,https://kr.indeed.com/%EC%B1%84%EC%9A%A9%EB%B3%B4%EA%B8%B0?jk=cd29b5f4401de60b&from=serp&vjs=3
업계 상위 연봉 개발직군(iOS/Android/Frontend/Backend) 및 기획직군(PM),에스브이,서울 강남구,https://kr.indeed.com/%EC%B1%84%EC%9A%A9%EB%B3%B4%EA%B8%B0?jk=8539d096f25381e1&from=serp&vjs=3
업무용 Application 개발/System Engineer,마인드웨어웍스,서울 마포구,https://kr.indeed.com/%EC%B1%84%EC%9A%A9%EB%B3%B4%EA%B8%B0?jk=934aaf5cf001ee61&from=serp&vjs=3
Sr Principal Software Engineer - HSV,Cadence Design Systems,경기도,https://kr.indeed.com/%EC%B1%84%EC%9A%A9%EB%B3%B4%EA%B8%B0?jk=69489be0e6fa6543&from=serp&vjs=3
SOFTWARE ENGINEER - FRONTEND,"ODK Media, Inc.",서울,https://kr.indeed.com/%EC%B1%84%EC%9A%A9%EB%B3%B4%EA%B8%B0?jk=463c61239617b013&from=serp&vjs=3
Director of Software Development,Xsolla,서울 강남구,https://kr.indeed.com/%EC%B1%84%EC%9A%A9%EB%B3%B4%EA%B8%B0?jk=06205a33e90dac5a&from=serp&vjs=3
SR. SOFTWARE ENGINEER - FRONTEND,"ODK Media, Inc.",서울 강남구,https://kr.indeed.com/%EC%B1%84%EC%9A%A9%EB%B3%B4%EA%B8%B0?jk=b1d1f8ca120e3bd9&from=serp&vjs=3
Senior Software Engineer - (AdClient),Tapjoy,서울,https://kr.indeed.com/%EC%B1%84%EC%9A%A9%EB%B3%B4%EA%B8%B0?jk=42d85e1be599f656&from=serp&vjs=3
"Senior, Front-end engineer (New Project)",Coupang,서울,https://kr.indeed.com/%EC%B1%84%EC%9A%A9%EB%B3%B4%EA%B8%B0?jk=f74706ae1131a554&from=serp&vjs=3
Sr. Frontend Developer,3i,서울,https://kr.indeed.com/%EC%B1%84%EC%9A%A9%EB%B3%B4%EA%B8%B0?jk=cdec91298aa2e0d7&from=serp&vjs=3
Sales Engineer,Infobip,서울,https://kr.indeed.com/%EC%B1%84%EC%9A%A9%EB%B3%B4%EA%B8%B0?jk=0dc2bdbbf858b8cd&from=serp&vjs=3
웹-프론트엔드 개발자,Success Korea,서울 충무로역,https://kr.indeed.com/%EC%B1%84%EC%9A%A9%EB%B3%B4%EA%B8%B0?jk=6f9929afd9517025&from=serp&vjs=3
Software Engineer,Tapjoy,서울,https://kr.indeed.com/%EC%B1%84%EC%9A%A9%EB%B3%B4%EA%B8%B0?jk=f9eb5fe39014a35a&from=serp&vjs=3
"Staff, Front-end engineer (New Project)",Coupang,서울,https://kr.indeed.com/%EC%B1%84%EC%9A%A9%EB%B3%B4%EA%B8%B0?jk=005df66528f03894&from=serp&vjs=3
웹 개발(Java) / 프론트앤드,Success Korea,서울 충무로역,https://kr.indeed.com/%EC%B1%84%EC%9A%A9%EB%B3%B4%EA%B8%B0?jk=59b2227dd904f6eb&from=serp&vjs=3
Web 개발,Success Korea,서울 충무로역,https://kr.indeed.com/%EC%B1%84%EC%9A%A9%EB%B3%B4%EA%B8%B0?jk=840ad86e1e047ba9&from=serp&vjs=3
Senior Software Engineer - AdDashboard,Tapjoy,서울,https://kr.indeed.com/%EC%B1%84%EC%9A%A9%EB%B3%B4%EA%B8%B0?jk=f86c950174e68050&from=serp&vjs=3
"Software Engineer, Frontend(프론트엔드 엔지니어, 서울)",LVIS,서울,https://kr.indeed.com/%EC%B1%84%EC%9A%A9%EB%B3%B4%EA%B8%B0?jk=accfc2ec8ce79e18&from=serp&vjs=3
풀스택 웹 개발자 Full-stack Web Developer (경력 3년 미만/전문연구요원),Buzzvil,서울,https://kr.indeed.com/%EC%B1%84%EC%9A%A9%EB%B3%B4%EA%B8%B0?jk=f47ee8ad9cbca8a2&from=serp&vjs=3
풀스택 웹 개발자 Full-stack Web Developer (경력 3년 이상),Buzzvil,서울,https://kr.indeed.com/%EC%B1%84%EC%9A%A9%EB%B3%B4%EA%B8%B0?jk=06480a7cf7ccc0e3&from=serp&vjs=3
[유망 의료AI솔루션기업] Senior Frontend Engineer(팀장급) 포지션,[유망 의료AI솔루션기업],서울 강남구,https://kr.indeed.com/%EC%B1%84%EC%9A%A9%EB%B3%B4%EA%B8%B0?jk=9cff3ee42aa57644&from=serp&vjs=3
Senior Sales Engineer,Infobip,서울,https://kr.indeed.com/%EC%B1%84%EC%9A%A9%EB%B3%B4%EA%B8%B0?jk=c94e9cf9496c4ca0&from=serp&vjs=3
